{
  "snapshot_date": "2026-07-08",
  "predictions": 4,
  "resolved": 3,
  "correct": 1,
  "accuracy": 0.3333333333333333,
  "average_confidence_resolved": 0.6247532875233633
}