{
  "snapshot_date": "2026-07-06",
  "predictions": 6,
  "resolved": 3,
  "correct": 1,
  "accuracy": 0.3333333333333333,
  "average_confidence_resolved": 0.6622753933255416
}