{
  "snapshot_date": "2026-07-09",
  "predictions": 3,
  "resolved": 3,
  "correct": 2,
  "accuracy": 0.6666666666666666,
  "average_confidence_resolved": 0.6370003400590211
}