{
  "snapshot_date": "2026-07-03",
  "predictions": 17,
  "resolved": 14,
  "correct": 8,
  "accuracy": 0.5714285714285714,
  "average_confidence_resolved": 0.6783660593361508
}