{
  "snapshot_date": "2026-07-05",
  "predictions": 9,
  "resolved": 7,
  "correct": 4,
  "accuracy": 0.5714285714285714,
  "average_confidence_resolved": 0.6783853098325844
}