{
  "snapshot_date": "2026-07-05",
  "predictions": 9,
  "resolved": 9,
  "correct": 5,
  "accuracy": 0.5555555555555556,
  "average_confidence_resolved": 0.6715557668568071
}